{"107.148.19.1": {"cats": {}, "company": "PEGTECHINC - PEG TECH INC, US", "score": 1, "geo": "United States", "asns": "54600"}, "42.236.74.153": {"cats": {}, "company": "CHINA169-BACKBONE CHINA UNICOM China169 Backbone, CN", "score": 1, "geo": "China", "asns": "4837"}, "221.176.33.60": {"cats": {}, "company": "CMNET-GD Guangdong Mobile Communication Co.Ltd., CN", "score": 1, "geo": "China", "asns": "9808"}, "111.73.45.194": {"cats": {}, "company": "CHINANET-BACKBONE No.31,Jin-rong Street, CN", "score": 1, "geo": "China", "asns": "4134"}, "172.31.0.1": {"cats": {}, "score": 1, "geo": "Private Network"}}